标题,播放量,点赞,投币,UP主
《崩坏：因缘精灵》进化PV：直至遇见它,777240,71987,34342,崩坏因缘精灵
“终有一天，我会成为MAJOR冠军！”——NIKO圆梦科隆Major！,1282973,85641,40320,AYCS2
“入室抢劫般的队友”,1939234,136157,5544,胡胡不胡o
#手工制作绘本 我的第三本《拥有神笔的马户》 #改编 #寓言故事 #原创绘画 #爱是什么,403889,55482,6580,XS王棕棕
你 叫 不 过 我 你 信 吗,669197,27411,1575,萝太永不破防
假如踢足球没有规则,675645,63530,644,阿君AI小剧场
什么叫人类最强的去当魔王是为了平衡战力？,1277903,92752,1247,Mr-Ferret
看看假货最多的地方#食品安全#假货,764031,53322,4477,陈大成bili
佩洛伊斯什么时候逃离原生家庭？,378894,58200,5609,鼎芸
戒社也巧哥： 也巧，妈妈在年底去世了，保险受益人是我【网络狠人102】,467354,19292,578,喵喵即正义
巴啦啦小魔仙—芮闪的帽子,1243049,77702,6369,-蒋-丞-_
多少年了，人们还记得你真实的样子吗？,3446634,225287,6239,何大爷课堂
【IEM科隆Major】FURIA vs Falcons  6月21日 总决赛,1060958,23075,9614,CSGO官方赛事
人，停下！,947734,112088,36410,幸仁儿鲨
【终末地动画/弭弗】“破潮！”,162079,14586,4994,正直的龙虾君
我 伪 装,3139528,131692,3868,阴间滴贰哈鸽鸽
来自Major冠军的信息：中国粉丝们，你们是这成功的一部分,1946923,224247,37617,IEM成都
【Reaction】穷人永远接触不到的场景,784601,58399,573,沙雕网友咸叽叽
假如你让太空死灵怀孕了！会发生什么？,505460,32373,3843,爱冒险的柯基
【剧情】小谢尔顿 第五季（2021）01【 伊恩·阿米蒂奇 / 佐伊·派瑞】,365057,2832,50,迷影社
